rank,school_name,school_type,location,school_code,homepage,food_photo_url,estimated_posts
1,가곡초등학교,초등학교,경기도 남양주시 화도읍 비룡로379번길 3,7652009,https://gagok-e.goegn.kr,https://gagok-e.goegn.kr/gagok-e/ad/fm/foodmenu/selectFoodMenuView.do?mi=5025,1
2,가양초등학교,초등학교,경기도 남양주시 수동면 비룡로1243번길 7,7652010,http://gayang-e.goegn.kr,http://gayang-e.goegn.kr/gayang-e/ad/fm/foodmenu/selectFoodMenuView.do?mi=5162,1
3,가림초등학교,초등학교,경기도 광명시 금당로 11-7,7591014,https://karim-e.goegm.kr/,https://karim-e.goegm.kr/karim-e/ad/fm/foodmenu/selectFoodMenuView.do?mi=2666,1
4,갈매중학교,중학교,경기도 구리시 갈매순환로 121,7652287,http://galmae-m.goegn.kr,http://galmae-m.goegn.kr/galmae-m/ad/fm/foodmenu/selectFoodMenuView.do?mi=11664,1
5,강선초등학교,초등학교,경기도 고양시 일산서구 강선로 77,7621043,https://gangseon-e.goegy.kr,https://gangseon-e.goegy.kr/gangseon-e/ad/fm/foodmenu/selectFoodMenuView.do?mi=7208,1
6,검바위초등학교,초등학교,경기도 시흥시 수인로3247번길 59,7781044,https://kumbawi-e.goesh.kr,https://kumbawi-e.goesh.kr/kumbawi-e/ad/fm/foodmenu/selectFoodMenuView.do?mi=3501,1
7,경기게임마이스터고등학교,고등학교,경기도 안양시 동안구 학의로 70,7531377,https://ggm-h.goeay.kr,https://ggm-h.goeay.kr/ggm-h/ad/fm/foodmenu/selectFoodMenuView.do?mi=3097,1
8,경기폴리텍고등학교,고등학교,경기도 군포시 고산로 524,7531378,http://g-polytechgo.goegu.kr,http://g-polytechgo.goegu.kr/g-polytechgo/ad/fm/foodmenu/selectFoodMenuView.do?mi=2020,1
9,경기영상과학고등학교,고등학교,경기도 고양시 일산서구 강선로 8,7530943,https://gmsh-h.goegy.kr/,https://gmsh-h.goegy.kr/gmsh-h/ad/fm/foodmenu/selectFoodMenuView.do?mi=2450,1
10,경수중학교,중학교,경기도 안산시 상록구 삼일로 678,7611027,https://kyongsu-m.goeas.kr,https://kyongsu-m.goeas.kr/kyongsu-m/ad/fm/foodmenu/selectFoodMenuView.do?mi=10106,1
11,경기항공고등학교,고등학교,경기도 광명시 새터안로 20,7531382,https://gahs-h.goegm.kr/gahs-h/main.do,https://gahs-h.goegm.kr/gahs-h/ad/fm/foodmenu/selectFoodMenuView.do?mi=5740,1
12,고색고등학교,고등학교,경기도 수원시 권선구 서둔로17번길 32,7530878,http://gosaek-h.goesw.kr,http://gosaek-h.goesw.kr/gosaek-h/ad/fm/foodmenu/selectFoodMenuView.do?mi=2206,1
13,고양동산고등학교,고등학교,경기도 고양시 덕양구 동세로 20,7531099,https://gydongsan-h.goegy.kr/,https://gydongsan-h.goegy.kr/gydongsan-h/ad/fm/foodmenu/selectFoodMenuView.do?mi=20759,1
14,고양송산중학교,중학교,경기도 고양시 일산서구 가좌2로 15,7621167,https://kysongsan-m.goegy.kr,https://kysongsan-m.goegy.kr/kysongsan-m/ad/fm/foodmenu/selectFoodMenuView.do?mi=20101,1
15,곡반초등학교,초등학교,경기도 수원시 권선구 덕영대로1323번길 26-14,7541068,http://gokban-e.goesw.kr,http://gokban-e.goesw.kr/gokban-e/ad/fm/foodmenu/selectFoodMenuView.do?mi=2510,1
16,고양신일초등학교,초등학교,경기도 고양시 일산서구 강선로 183,7621046,https://gysinil-e.goegy.kr/gysinil-e/main.do,https://gysinil-e.goegy.kr/gysinil-e/ad/fm/foodmenu/selectFoodMenuView.do?mi=2589,1
17,고양백석초등학교,초등학교,경기도 고양시 일산동구 강촌로 140,7621045,https://kybs-e.goegy.kr/,https://kybs-e.goegy.kr/kybs-e/ad/fm/foodmenu/selectFoodMenuView.do?mi=1792,1
18,곡선초등학교,초등학교,경기도 수원시 권선구 덕영대로1217번길 36,7541069,http://gokseon-e.goesw.kr,http://gokseon-e.goesw.kr/gokseon-e/ad/fm/foodmenu/selectFoodMenuView.do?mi=3171,1
19,곡정초등학교,초등학교,경기도 수원시 권선구 곡선로 7번,7541339,http://gokjeong-e.goesw.kr,http://gokjeong-e.goesw.kr/gokjeong-e/ad/fm/foodmenu/selectFoodMenuView.do?mi=3589,1
20,고천중학교,중학교,경기도 의왕시 백운로 25,7642036,https://gocheonjung.goegu.kr,https://gocheonjung.goegu.kr/gocheonjung/ad/fm/foodmenu/selectFoodMenuView.do?mi=7678,1
21,곡정고등학교,고등학교,경기도 수원시 권선구 덕영대로 1190번길 130,7531239,https://gokjeong-h.goesw.kr/index.do,https://gokjeong-h.goesw.kr/gokjeong-h/ad/fm/foodmenu/selectFoodMenuView.do?mi=2589,1
22,과천문원중학교,중학교,경기도 과천시 코오롱로 57,7569054,https://gcmunwon-m.goeay.kr/,https://gcmunwon-m.goeay.kr/gcmunwon-m/ad/fm/foodmenu/selectFoodMenuView.do?mi=4142,1
23,광교호수초등학교,초등학교,경기도 수원시 영통구 광교호수공원로 205,7541399,http://gwanggyohosu-e.goesw.kr,http://gwanggyohosu-e.goesw.kr/gwanggyohosu-e/ad/fm/foodmenu/selectFoodMenuView.do?mi=12607,1
24,과천중학교,중학교,경기도 과천시 희망4길 33,7569053,https://gwacheon-m.goeay.kr,https://gwacheon-m.goeay.kr/gwacheon-m/ad/fm/foodmenu/selectFoodMenuView.do?mi=9741,1
25,관산초등학교,초등학교,경기도 안산시 단원구 원선1로 68,7611037,https://gwansan-e.goeas.kr/,https://gwansan-e.goeas.kr/gwansan-e/ad/fm/foodmenu/selectFoodMenuView.do?mi=3817,1
26,관양중학교,중학교,경기도 안양시 동안구 관악대로339번길 35,7569055,https://kwanyang-m.goeay.kr/kwanyang-m/main.do,https://kwanyang-m.goeay.kr/kwanyang-m/ad/fm/foodmenu/selectFoodMenuView.do?mi=3972,1
27,광명고등학교,고등학교,경기도 광명시 오리로876번길 17,7530050,https://gmhs-m.goegm.kr/,https://gmhs-m.goegm.kr/gmhs-m/ad/fm/foodmenu/selectFoodMenuView.do?mi=4207,1
28,광명광성초등학교,초등학교,경기도 광명시 철산로 59,7591016,https://kwangsung-e.goegm.kr/kwangsung-e/main.do,https://kwangsung-e.goegm.kr/kwangsung-e/ad/fm/foodmenu/selectFoodMenuView.do?mi=3160,1
29,광명북고등학교,고등학교,경기도 광명시 시청로 127,7530051,https://gmbh-h.goegm.kr/,https://gmbh-h.goegm.kr/gmbh-h/ad/fm/foodmenu/selectFoodMenuView.do?mi=4934,1
30,광명북중학교,중학교,경기도 광명시 시청로 121,7591005,https://gmbuk-m.goegm.kr,https://gmbuk-m.goegm.kr/gmbuk-m/ad/fm/foodmenu/selectFoodMenuView.do?mi=4447,1
31,광명중학교,중학교,경기도 광명시 오리로876번길 27,7591006,https://km-m.goegm.kr,https://km-m.goegm.kr/km-m/ad/fm/foodmenu/selectFoodMenuView.do?mi=4563,1
32,광명북초등학교,초등학교,경기도 광명시 시청로138번길 8,7591020,https://kmb-e.goegm.kr,https://kmb-e.goegm.kr/kmb-e/ad/fm/foodmenu/selectFoodMenuView.do?mi=2432,1
33,광명초등학교,초등학교,경기도 광명시 광이로 21,7591017,http://gm-e.goegm.kr/gm-e/main.do,http://gm-e.goegm.kr/gm-e/ad/fm/foodmenu/selectFoodMenuView.do?mi=2550,1
34,광문초등학교,초등학교,경기도 광명시 덕단이로 29,7591022,https://kmoon-e.goegm.kr/kmoon-e/main.do,https://kmoon-e.goegm.kr/kmoon-e/ad/fm/foodmenu/selectFoodMenuView.do?mi=5452,1
35,구운중학교,중학교,경기도 수원시 권선구 금호로 257,7541015,http://guwoon-m.goesw.kr,http://guwoon-m.goesw.kr/guwoon-m/ad/fm/foodmenu/selectFoodMenuView.do?mi=1500,1
36,구리여자중학교,중학교,경기도 구리시 벌말로 168,7652019,http://gurigirl-m.goegn.kr,http://gurigirl-m.goegn.kr/gurigirl-m/ad/fm/foodmenu/selectFoodMenuView.do?mi=3461,1
37,군서고등학교,고등학교,경기도 시흥시 군서마을로 100,7530766,https://gunseo-h.goesh.kr/,https://gunseo-h.goesh.kr/gunseo-h/ad/fm/foodmenu/selectFoodMenuView.do?mi=4372,1
38,군포초등학교,초등학교,경기도 군포시 군포로 463,7642010,https://gunpocho.goegu.kr,https://gunpocho.goegu.kr/gunpocho/ad/fm/foodmenu/selectFoodMenuView.do?mi=2365,1
39,귀인초등학교,초등학교,경기도 안양시 동안구 귀인로 248,7569013,https://kwiin-e.goeay.kr,https://kwiin-e.goeay.kr/kwiin-e/ad/fm/foodmenu/selectFoodMenuView.do?mi=6187,1
40,근명고등학교,고등학교,경기도 안양시 만안구 삼덕로 49,7531381,https://kmh-h.goeay.kr/kmh-h/main.do,https://kmh-h.goeay.kr/kmh-h/ad/fm/foodmenu/selectFoodMenuView.do?mi=6130,1
41,금곡고등학교,고등학교,경기도 남양주시 경춘로992번길 10,7530629,https://kumgok-h.goegn.kr,https://kumgok-h.goegn.kr/kumgok-h/ad/fm/foodmenu/selectFoodMenuView.do?mi=6346,1
42,금교초등학교,초등학교,경기도 남양주시 미금로 194,7652026,https://kumkyo-e.goegn.kr/kumkyo-e/main.do,https://kumkyo-e.goegn.kr/kumkyo-e/ad/fm/foodmenu/selectFoodMenuView.do?mi=10633,1
43,금릉중학교,중학교,경기도 파주시 후곡로 66,7681003,https://www.goepj.kr/gumrung-m/main.do,https://www.goepj.kr/gumrung-m/ad/fm/foodmenu/selectFoodMenuView.do?mi=5641,1
44,금모래초등학교,초등학교,경기도 시흥시 대은로 16-29,7781039,https://gold-e.goesh.kr,https://gold-e.goesh.kr/gold-e/ad/fm/foodmenu/selectFoodMenuView.do?mi=9324,1
45,남수원중학교,중학교,경기도 수원시 권선구 권중로 162,7541017,http://namsuwon-m.goesw.kr,http://namsuwon-m.goesw.kr/namsuwon-m/ad/fm/foodmenu/selectFoodMenuView.do?mi=3794,1
46,남수원초등학교,초등학교,경기도 수원시 권선구 경수대로235번길 24,7541072,http://namsuwon-e.goesw.kr,http://namsuwon-e.goesw.kr/namsuwon-e/ad/fm/foodmenu/selectFoodMenuView.do?mi=11305,1
47,남양주백봉초등학교,초등학교,경기도 남양주시 의안로 158,7652037,https://nyjbaekbong-e.goegn.kr/,https://nyjbaekbong-e.goegn.kr/nyjbaekbong-e/ad/fm/foodmenu/selectFoodMenuView.do?mi=14070,1
48,내손초등학교,초등학교,경기도 의왕시 내손순환로 175,7642014,http://naesoncho.goegu.kr,http://naesoncho.goegu.kr/naesoncho/ad/fm/foodmenu/selectFoodMenuView.do?mi=4194,1
49,능실초등학교,초등학교,경기도 수원시 권선구 호매실로165번길 28,7541341,http://neungsil-e.goesw.kr,http://neungsil-e.goesw.kr/neungsil-e/ad/fm/foodmenu/selectFoodMenuView.do?mi=1799,1
50,능실중학교,중학교,경기도 수원시 권선구 호매실로165번길 28-1,7541354,http://neungsil-m.goesw.kr,http://neungsil-m.goesw.kr/neungsil-m/ad/fm/foodmenu/selectFoodMenuView.do?mi=4244,1
51,능곡중학교,중학교,경기도 고양시 덕양구 행당로11번길 48,7621013,https://nunggok-m.goegy.kr/,https://nunggok-m.goegy.kr/nunggok-m/ad/fm/foodmenu/selectFoodMenuView.do?mi=16830,1
52,능내초등학교,초등학교,경기도 군포시 수리산로 37,7642015,https://neungnaecho.goegu.kr,https://neungnaecho.goegu.kr/neungnaecho/ad/fm/foodmenu/selectFoodMenuView.do?mi=4995,1
53,다산한강중학교,중학교,경기도 남양주시 다산지금로145번길 20,7652309,https://dasanhangang-m.goegn.kr,https://dasanhangang-m.goegn.kr/dasanhangang-m/ad/fm/foodmenu/selectFoodMenuView.do?mi=5210,1
54,다율중학교,중학교,경기도 파주시 다율로 28,7681216,http://dayul-m.goepj.kr,http://dayul-m.goepj.kr/dayul-m/ad/fm/foodmenu/selectFoodMenuView.do?mi=11557,1
55,다원학교,특수학교,경기도 이천시 부발읍 부발중앙로46번길 21,7531254,https://dawon.goeic.kr/dawon/main.do,https://dawon.goeic.kr/dawon/ad/fm/foodmenu/selectFoodMenuView.do?mi=1647,1
56,당정중학교,중학교,경기도 군포시 이당로 152,7642050,http://dangjeongjung.goegu.kr,http://dangjeongjung.goegu.kr/dangjeongjung/ad/fm/foodmenu/selectFoodMenuView.do?mi=3410,1
57,당수초등학교,초등학교,경기도 수원시 권선구 당진로 6,7541074,http://dangsu-e.goesw.kr,http://dangsu-e.goesw.kr/dangsu-e/ad/fm/foodmenu/selectFoodMenuView.do?mi=2979,1
58,다율초등학교,초등학교,경기도 파주시 다율로 30,7681213,http://dayul-e.goepj.kr/dayul-e/main.do,http://dayul-e.goepj.kr/dayul-e/ad/fm/foodmenu/selectFoodMenuView.do?mi=9771,1
59,답내초등학교,초등학교,경기도 남양주시 화도읍 경춘로2347번길 44-7,7652051,http://dapnae-e.goegn.kr,http://dapnae-e.goegn.kr/dapnae-e/ad/fm/foodmenu/selectFoodMenuView.do?mi=9007,1
60,대광초등학교,초등학교,경기도 연천군 신서면 연신로 1127-1,7701012,https://daegwang-em.goeyc.kr,https://daegwang-em.goeyc.kr/daegwang-em/ad/fm/foodmenu/selectFoodMenuView.do?mi=3267,1
61,대광중학교,중학교,경기도 연천군 신서면 연신로 1127-1,7701005,https://daegwang-em.goeyc.kr/daegwang-em/main.do,https://daegwang-em.goeyc.kr/daegwang-em/ad/fm/foodmenu/selectFoodMenuView.do?mi=3267,1
62,대송중학교,중학교,경기도 고양시 일산서구 송포로 49,7621014,https://daesong-m.goegy.kr,https://daesong-m.goegy.kr/daesong-m/ad/fm/foodmenu/selectFoodMenuView.do?mi=4172,1
63,대평고등학교,고등학교,경기도 수원시 장안구 천천로22번길 21,7530554,https://daepyeong-h.goesw.kr/index.do,https://daepyeong-h.goesw.kr/daepyeong-h/ad/fm/foodmenu/selectFoodMenuView.do?mi=3350,1
64,대평중학교,중학교,경기도 수원시 장안구 만석로68번길 7,7541019,https://daepyong-m.goesw.kr,https://daepyong-m.goesw.kr/daepyong-m/ad/fm/foodmenu/selectFoodMenuView.do?mi=6496,1
65,대화중학교,중학교,경기도 고양시 일산서구 고양대로 348,7621015,https://kgdaehwa-m.goegy.kr/kgdaehwa-m/main.do,https://kgdaehwa-m.goegy.kr/kgdaehwa-m/ad/fm/foodmenu/selectFoodMenuView.do?mi=20003,1
66,덕소고등학교,고등학교,경기도 남양주시 와부읍 덕소로 194,7530151,http://deokso-h.goegn.kr,http://deokso-h.goegn.kr/deokso-h/ad/fm/foodmenu/selectFoodMenuView.do?mi=2139,1
67,덕은초등학교,초등학교,경기도 고양시 덕양구 중앙로176번길 18-4,7621058,https://deokun-e.goegy.kr,https://deokun-e.goegy.kr/deokun-e/ad/fm/foodmenu/selectFoodMenuView.do?mi=1644,1
68,덕이초등학교,초등학교,경기도 고양시 일산서구 덕이로 104,7621059,https://deoki-e-e.goegy.kr/deoki-e-e/main.do,https://deoki-e-e.goegy.kr/deoki-e-e/ad/fm/foodmenu/selectFoodMenuView.do?mi=8509,1
69,덕이중학교,중학교,경기도 고양시 일산서구 하이파크3로,7621299,https://deogi-m.goegy.kr/deogi-m/main.do,https://deogi-m.goegy.kr/deogi-m/ad/fm/foodmenu/selectFoodMenuView.do?mi=8339,1
70,도덕초등학교,초등학교,경기도 광명시 가마산로 28,7591024,https://dodeok-e.goegm.kr,https://dodeok-e.goegm.kr/dodeok-e/ad/fm/foodmenu/selectFoodMenuView.do?mi=2721,1
71,도래울고등학교,고등학교,경기도 고양시 덕양구 도래울1로 67,7531165,http://doraeul-h.goegy.kr,http://doraeul-h.goegy.kr/doraeul-h/ad/fm/foodmenu/selectFoodMenuView.do?mi=5321,1
72,도래울초등학교,초등학교,경기도 고양시 덕양구 도래울3로,7621326,https://doraeul-e.goegy.kr/,https://doraeul-e.goegy.kr/doraeul-e/ad/fm/foodmenu/selectFoodMenuView.do?mi=19853,1
73,도림초등학교,초등학교,경기도 구리시 아차산로 431,7652059,http://dorim-e.goegn.kr,http://dorim-e.goegn.kr/dorim-e/ad/fm/foodmenu/selectFoodMenuView.do?mi=3521,1
74,동구중학교,중학교,경기도 구리시 동구릉로103번길 75,7652065,http://donggu-m.goegn.kr/,http://donggu-m.goegn.kr/donggu-m/ad/fm/foodmenu/selectFoodMenuView.do?mi=5514,1
75,동수원중학교,중학교,경기도 수원시 영통구 동탄원천로1109번길 92,7541018,http://dongsuwon-m.goesw.kr,http://dongsuwon-m.goesw.kr/dongsuwon-m/ad/fm/foodmenu/selectFoodMenuView.do?mi=7289,1
76,동안초등학교,초등학교,경기도 안양시 동안구 관평로138번길 36,7569017,https://dongan-e.goeay.kr,https://dongan-e.goeay.kr/dongan-e/ad/fm/foodmenu/selectFoodMenuView.do?mi=6342,1
77,동원동우고등학교,고등학교,경기도 수원시 장안구 장안로 426-1,7531598,https://dongwon-h.goesw.kr,https://dongwon-h.goesw.kr/dongwon-h/ad/fm/foodmenu/selectFoodMenuView.do?mi=3880,1
78,동패중학교,중학교,경기도 파주시 교하로 381,7681152,https://dongpae-m.goepj.kr,https://dongpae-m.goepj.kr/dongpae-m/ad/fm/foodmenu/selectFoodMenuView.do?mi=10009,1
79,망포초등학교,초등학교,경기도 수원시 영통구 망포로 126,7541401,http://mangpo-e.goesw.kr,http://mangpo-e.goesw.kr/mangpo-e/ad/fm/foodmenu/selectFoodMenuView.do?mi=4927,1
80,망포중학교,중학교,경기도 수원시 영통구 태장로82번길 15,7541048,http://mangpo-m.goesw.kr,http://mangpo-m.goesw.kr/mangpo-m/ad/fm/foodmenu/selectFoodMenuView.do?mi=7694,1
81,매산초등학교,초등학교,경기도 수원시 팔달구 향교로 93,7541076,http://maesan-e.goesw.kr,http://maesan-e.goesw.kr/maesan-e/ad/fm/foodmenu/selectFoodMenuView.do?mi=6872,1
82,매원중학교,중학교,경기도 수원시 영통구 매탄로 177,7541021,http://maewon-m.goesw.kr,http://maewon-m.goesw.kr/maewon-m/ad/fm/foodmenu/selectFoodMenuView.do?mi=8505,1
83,매탄중학교,중학교,경기도 수원시 영통구 효원로 337,7541236,http://maetan-m.goesw.kr,http://maetan-m.goesw.kr/maetan-m/ad/fm/foodmenu/selectFoodMenuView.do?mi=9085,1
84,망포고등학교,고등학교,경기도 수원시 영통구 동탄지성로 468,7530844,https://mangpo-h.goesw.kr,https://mangpo-h.goesw.kr/mangpo-h/ad/fm/foodmenu/selectFoodMenuView.do?mi=4290,1
85,명당초등학교,초등학교,경기도 수원시 권선구 세권로 319,7541136,http://myeongdang-e.goesw.kr,http://myeongdang-e.goesw.kr/myeongdang-e/ad/fm/foodmenu/selectFoodMenuView.do?mi=11362,1
86,매탄고등학교,고등학교,경기도 수원시 영통구 매탄로126번길 11,7530652,https://maetan-h.goesw.kr,https://maetan-h.goesw.kr/maetan-h/ad/fm/foodmenu/selectFoodMenuView.do?mi=4840,1
87,매향여자정보고등학교,고등학교,경기도 수원시 팔달구 수원천로 350,7530497,https://mh-h.goesw.kr,https://mh-h.goesw.kr/mh-h/ad/fm/foodmenu/selectFoodMenuView.do?mi=5127,1
88,목감초등학교,초등학교,경기도 시흥시 목감초등길 49,7781030,https://mokgam-e.goesh.kr,https://mokgam-e.goesh.kr/mokgam-e/ad/fm/foodmenu/selectFoodMenuView.do?mi=1213,1
89,목동초등학교,초등학교,경기도 가평군 북면 석장모루길 13,7721012,https://mokdong-e.goegp.kr,https://mokdong-e.goegp.kr/mokdong-e/ad/fm/foodmenu/selectFoodMenuView.do?mi=2289,1
90,무원초등학교,초등학교,경기도 고양시 덕양구 무원로 47,7621060,https://muwon-e.goegy.kr,https://muwon-e.goegy.kr/muwon-e/ad/fm/foodmenu/selectFoodMenuView.do?mi=4361,1
91,문산고등학교,고등학교,경기도 파주시 문산읍 당동1로 22,7530065,https://munsan-h.goepj.kr/,https://munsan-h.goepj.kr/munsan-h/ad/fm/foodmenu/selectFoodMenuView.do?mi=6543,1
92,문원초등학교,초등학교,경기도 과천시 코오롱로 53,7569018,https://munwon-e.goeay.kr/,https://munwon-e.goeay.kr/munwon-e/ad/fm/foodmenu/selectFoodMenuView.do?mi=6562,1
93,문산수억고등학교,고등학교,경기도 파주시 파주읍 우계로 357,7531236,https://munsansueok-h.goepj.kr,https://munsansueok-h.goepj.kr/munsansueok-h/ad/fm/foodmenu/selectFoodMenuView.do?mi=11104,1
94,문촌초등학교,초등학교,경기도 고양시 일산서구 주엽로 168,7621061,https://e-munchon-e.goegy.kr,https://e-munchon-e.goegy.kr/e-munchon-e/ad/fm/foodmenu/selectFoodMenuView.do?mi=8600,1
95,물향기초등학교,초등학교,경기도 파주시 물향기1로 15,7681238,https://mulhyanggi-e.goepj.kr/mulhyanggi-e/main.do,https://mulhyanggi-e.goepj.kr/mulhyanggi-e/ad/fm/foodmenu/selectFoodMenuView.do?mi=13659,1
96,미금중학교,중학교,경기도 남양주시 미금로 140,7652076,http://migeum-m.goegn.kr,http://migeum-m.goegn.kr/migeum-m/ad/fm/foodmenu/selectFoodMenuView.do?mi=5726,1
97,박달초등학교,초등학교,경기도 안양시 만안구 삼봉로 38,7569022,https://bakdal-e.goeay.kr/,https://bakdal-e.goeay.kr/bakdal-e/ad/fm/foodmenu/selectFoodMenuView.do?mi=3355,1
98,발산중학교,중학교,경기도 고양시 일산서구 고봉로 99,7621019,https://balsan-m.goegy.kr/,https://balsan-m.goegy.kr/balsan-m/ad/fm/foodmenu/selectFoodMenuView.do?mi=19968,1
99,배곧고등학교,고등학교,경기도 시흥시 배곧4로 94-10,7531246,https://baegot-h.goesh.kr,https://baegot-h.goesh.kr/baegot-h/ad/fm/foodmenu/selectFoodMenuView.do?mi=5722,1
100,배곧라온초등학교,초등학교,경기도 시흥시 배곧4로 94-39,7781150,https://baegotraon-e.goesh.kr/baegotraon-e/main.do,https://baegotraon-e.goesh.kr/baegotraon-e/ad/fm/foodmenu/selectFoodMenuView.do?mi=2338,1
