rank,school_name,school_type,location,school_code,homepage,food_photo_url,estimated_posts
1,가곡초등학교,초등학교,경기도 남양주시 화도읍 비룡로379번길 3,7652009,https://gagok-e.goegn.kr,https://gagok-e.goegn.kr/gagok-e/ad/fm/foodmenu/selectFoodMenuView.do?mi=5025,1
2,가양초등학교,초등학교,경기도 남양주시 수동면 비룡로1243번길 7,7652010,http://gayang-e.goegn.kr,http://gayang-e.goegn.kr/gayang-e/ad/fm/foodmenu/selectFoodMenuView.do?mi=5162,1
3,가림초등학교,초등학교,경기도 광명시 금당로 11-7,7591014,https://karim-e.goegm.kr/,https://karim-e.goegm.kr/karim-e/ad/fm/foodmenu/selectFoodMenuView.do?mi=2666,1
4,갈매중학교,중학교,경기도 구리시 갈매순환로 121,7652287,http://galmae-m.goegn.kr,http://galmae-m.goegn.kr/galmae-m/ad/fm/foodmenu/selectFoodMenuView.do?mi=11664,1
5,강선초등학교,초등학교,경기도 고양시 일산서구 강선로 77,7621043,https://gangseon-e.goegy.kr,https://gangseon-e.goegy.kr/gangseon-e/ad/fm/foodmenu/selectFoodMenuView.do?mi=7208,1
6,검바위초등학교,초등학교,경기도 시흥시 수인로3247번길 59,7781044,https://kumbawi-e.goesh.kr,https://kumbawi-e.goesh.kr/kumbawi-e/ad/fm/foodmenu/selectFoodMenuView.do?mi=3501,1
7,경기게임마이스터고등학교,고등학교,경기도 안양시 동안구 학의로 70,7531377,https://ggm-h.goeay.kr,https://ggm-h.goeay.kr/ggm-h/ad/fm/foodmenu/selectFoodMenuView.do?mi=3097,1
8,경기폴리텍고등학교,고등학교,경기도 군포시 고산로 524,7531378,http://g-polytechgo.goegu.kr,http://g-polytechgo.goegu.kr/g-polytechgo/ad/fm/foodmenu/selectFoodMenuView.do?mi=2020,1
9,경기영상과학고등학교,고등학교,경기도 고양시 일산서구 강선로 8,7530943,https://gmsh-h.goegy.kr/,https://gmsh-h.goegy.kr/gmsh-h/ad/fm/foodmenu/selectFoodMenuView.do?mi=2450,1
10,경수중학교,중학교,경기도 안산시 상록구 삼일로 678,7611027,https://kyongsu-m.goeas.kr,https://kyongsu-m.goeas.kr/kyongsu-m/ad/fm/foodmenu/selectFoodMenuView.do?mi=10106,1
11,경기항공고등학교,고등학교,경기도 광명시 새터안로 20,7531382,https://gahs-h.goegm.kr/gahs-h/main.do,https://gahs-h.goegm.kr/gahs-h/ad/fm/foodmenu/selectFoodMenuView.do?mi=5740,1
12,고색고등학교,고등학교,경기도 수원시 권선구 서둔로17번길 32,7530878,http://gosaek-h.goesw.kr,http://gosaek-h.goesw.kr/gosaek-h/ad/fm/foodmenu/selectFoodMenuView.do?mi=2206,1
13,고양동산고등학교,고등학교,경기도 고양시 덕양구 동세로 20,7531099,https://gydongsan-h.goegy.kr/,https://gydongsan-h.goegy.kr/gydongsan-h/ad/fm/foodmenu/selectFoodMenuView.do?mi=20759,1
14,고양송산중학교,중학교,경기도 고양시 일산서구 가좌2로 15,7621167,https://kysongsan-m.goegy.kr,https://kysongsan-m.goegy.kr/kysongsan-m/ad/fm/foodmenu/selectFoodMenuView.do?mi=20101,1
15,곡반초등학교,초등학교,경기도 수원시 권선구 덕영대로1323번길 26-14,7541068,http://gokban-e.goesw.kr,http://gokban-e.goesw.kr/gokban-e/ad/fm/foodmenu/selectFoodMenuView.do?mi=2510,1
16,고양신일초등학교,초등학교,경기도 고양시 일산서구 강선로 183,7621046,https://gysinil-e.goegy.kr/gysinil-e/main.do,https://gysinil-e.goegy.kr/gysinil-e/ad/fm/foodmenu/selectFoodMenuView.do?mi=2589,1
17,고양백석초등학교,초등학교,경기도 고양시 일산동구 강촌로 140,7621045,https://kybs-e.goegy.kr/,https://kybs-e.goegy.kr/kybs-e/ad/fm/foodmenu/selectFoodMenuView.do?mi=1792,1
18,곡선초등학교,초등학교,경기도 수원시 권선구 덕영대로1217번길 36,7541069,http://gokseon-e.goesw.kr,http://gokseon-e.goesw.kr/gokseon-e/ad/fm/foodmenu/selectFoodMenuView.do?mi=3171,1
19,곡정초등학교,초등학교,경기도 수원시 권선구 곡선로 7번,7541339,http://gokjeong-e.goesw.kr,http://gokjeong-e.goesw.kr/gokjeong-e/ad/fm/foodmenu/selectFoodMenuView.do?mi=3589,1
20,고천중학교,중학교,경기도 의왕시 백운로 25,7642036,https://gocheonjung.goegu.kr,https://gocheonjung.goegu.kr/gocheonjung/ad/fm/foodmenu/selectFoodMenuView.do?mi=7678,1
21,곡정고등학교,고등학교,경기도 수원시 권선구 덕영대로 1190번길 130,7531239,https://gokjeong-h.goesw.kr/index.do,https://gokjeong-h.goesw.kr/gokjeong-h/ad/fm/foodmenu/selectFoodMenuView.do?mi=2589,1
22,과천문원중학교,중학교,경기도 과천시 코오롱로 57,7569054,https://gcmunwon-m.goeay.kr/,https://gcmunwon-m.goeay.kr/gcmunwon-m/ad/fm/foodmenu/selectFoodMenuView.do?mi=4142,1
23,광교호수초등학교,초등학교,경기도 수원시 영통구 광교호수공원로 205,7541399,http://gwanggyohosu-e.goesw.kr,http://gwanggyohosu-e.goesw.kr/gwanggyohosu-e/ad/fm/foodmenu/selectFoodMenuView.do?mi=12607,1
24,과천중학교,중학교,경기도 과천시 희망4길 33,7569053,https://gwacheon-m.goeay.kr,https://gwacheon-m.goeay.kr/gwacheon-m/ad/fm/foodmenu/selectFoodMenuView.do?mi=9741,1
25,관산초등학교,초등학교,경기도 안산시 단원구 원선1로 68,7611037,https://gwansan-e.goeas.kr/,https://gwansan-e.goeas.kr/gwansan-e/ad/fm/foodmenu/selectFoodMenuView.do?mi=3817,1
26,관양중학교,중학교,경기도 안양시 동안구 관악대로339번길 35,7569055,https://kwanyang-m.goeay.kr/kwanyang-m/main.do,https://kwanyang-m.goeay.kr/kwanyang-m/ad/fm/foodmenu/selectFoodMenuView.do?mi=3972,1
27,광명고등학교,고등학교,경기도 광명시 오리로876번길 17,7530050,https://gmhs-m.goegm.kr/,https://gmhs-m.goegm.kr/gmhs-m/ad/fm/foodmenu/selectFoodMenuView.do?mi=4207,1
28,광명광성초등학교,초등학교,경기도 광명시 철산로 59,7591016,https://kwangsung-e.goegm.kr/kwangsung-e/main.do,https://kwangsung-e.goegm.kr/kwangsung-e/ad/fm/foodmenu/selectFoodMenuView.do?mi=3160,1
29,광명북고등학교,고등학교,경기도 광명시 시청로 127,7530051,https://gmbh-h.goegm.kr/,https://gmbh-h.goegm.kr/gmbh-h/ad/fm/foodmenu/selectFoodMenuView.do?mi=4934,1
30,광명북중학교,중학교,경기도 광명시 시청로 121,7591005,https://gmbuk-m.goegm.kr,https://gmbuk-m.goegm.kr/gmbuk-m/ad/fm/foodmenu/selectFoodMenuView.do?mi=4447,1
31,광명중학교,중학교,경기도 광명시 오리로876번길 27,7591006,https://km-m.goegm.kr,https://km-m.goegm.kr/km-m/ad/fm/foodmenu/selectFoodMenuView.do?mi=4563,1
32,광명북초등학교,초등학교,경기도 광명시 시청로138번길 8,7591020,https://kmb-e.goegm.kr,https://kmb-e.goegm.kr/kmb-e/ad/fm/foodmenu/selectFoodMenuView.do?mi=2432,1
33,광명초등학교,초등학교,경기도 광명시 광이로 21,7591017,http://gm-e.goegm.kr/gm-e/main.do,http://gm-e.goegm.kr/gm-e/ad/fm/foodmenu/selectFoodMenuView.do?mi=2550,1
34,광문초등학교,초등학교,경기도 광명시 덕단이로 29,7591022,https://kmoon-e.goegm.kr/kmoon-e/main.do,https://kmoon-e.goegm.kr/kmoon-e/ad/fm/foodmenu/selectFoodMenuView.do?mi=5452,1
35,구운중학교,중학교,경기도 수원시 권선구 금호로 257,7541015,http://guwoon-m.goesw.kr,http://guwoon-m.goesw.kr/guwoon-m/ad/fm/foodmenu/selectFoodMenuView.do?mi=1500,1
36,구리여자중학교,중학교,경기도 구리시 벌말로 168,7652019,http://gurigirl-m.goegn.kr,http://gurigirl-m.goegn.kr/gurigirl-m/ad/fm/foodmenu/selectFoodMenuView.do?mi=3461,1
37,군서고등학교,고등학교,경기도 시흥시 군서마을로 100,7530766,https://gunseo-h.goesh.kr/,https://gunseo-h.goesh.kr/gunseo-h/ad/fm/foodmenu/selectFoodMenuView.do?mi=4372,1
38,군포초등학교,초등학교,경기도 군포시 군포로 463,7642010,https://gunpocho.goegu.kr,https://gunpocho.goegu.kr/gunpocho/ad/fm/foodmenu/selectFoodMenuView.do?mi=2365,1
39,귀인초등학교,초등학교,경기도 안양시 동안구 귀인로 248,7569013,https://kwiin-e.goeay.kr,https://kwiin-e.goeay.kr/kwiin-e/ad/fm/foodmenu/selectFoodMenuView.do?mi=6187,1
40,근명고등학교,고등학교,경기도 안양시 만안구 삼덕로 49,7531381,https://kmh-h.goeay.kr/kmh-h/main.do,https://kmh-h.goeay.kr/kmh-h/ad/fm/foodmenu/selectFoodMenuView.do?mi=6130,1
41,금곡고등학교,고등학교,경기도 남양주시 경춘로992번길 10,7530629,https://kumgok-h.goegn.kr,https://kumgok-h.goegn.kr/kumgok-h/ad/fm/foodmenu/selectFoodMenuView.do?mi=6346,1
42,금교초등학교,초등학교,경기도 남양주시 미금로 194,7652026,https://kumkyo-e.goegn.kr/kumkyo-e/main.do,https://kumkyo-e.goegn.kr/kumkyo-e/ad/fm/foodmenu/selectFoodMenuView.do?mi=10633,1
43,금릉중학교,중학교,경기도 파주시 후곡로 66,7681003,https://www.goepj.kr/gumrung-m/main.do,https://www.goepj.kr/gumrung-m/ad/fm/foodmenu/selectFoodMenuView.do?mi=5641,1
44,금모래초등학교,초등학교,경기도 시흥시 대은로 16-29,7781039,https://gold-e.goesh.kr,https://gold-e.goesh.kr/gold-e/ad/fm/foodmenu/selectFoodMenuView.do?mi=9324,1
45,남수원중학교,중학교,경기도 수원시 권선구 권중로 162,7541017,http://namsuwon-m.goesw.kr,http://namsuwon-m.goesw.kr/namsuwon-m/ad/fm/foodmenu/selectFoodMenuView.do?mi=3794,1
46,남수원초등학교,초등학교,경기도 수원시 권선구 경수대로235번길 24,7541072,http://namsuwon-e.goesw.kr,http://namsuwon-e.goesw.kr/namsuwon-e/ad/fm/foodmenu/selectFoodMenuView.do?mi=11305,1
47,남양주백봉초등학교,초등학교,경기도 남양주시 의안로 158,7652037,https://nyjbaekbong-e.goegn.kr/,https://nyjbaekbong-e.goegn.kr/nyjbaekbong-e/ad/fm/foodmenu/selectFoodMenuView.do?mi=14070,1
48,내손초등학교,초등학교,경기도 의왕시 내손순환로 175,7642014,http://naesoncho.goegu.kr,http://naesoncho.goegu.kr/naesoncho/ad/fm/foodmenu/selectFoodMenuView.do?mi=4194,1
49,능실초등학교,초등학교,경기도 수원시 권선구 호매실로165번길 28,7541341,http://neungsil-e.goesw.kr,http://neungsil-e.goesw.kr/neungsil-e/ad/fm/foodmenu/selectFoodMenuView.do?mi=1799,1
50,능실중학교,중학교,경기도 수원시 권선구 호매실로165번길 28-1,7541354,http://neungsil-m.goesw.kr,http://neungsil-m.goesw.kr/neungsil-m/ad/fm/foodmenu/selectFoodMenuView.do?mi=4244,1
51,능곡중학교,중학교,경기도 고양시 덕양구 행당로11번길 48,7621013,https://nunggok-m.goegy.kr/,https://nunggok-m.goegy.kr/nunggok-m/ad/fm/foodmenu/selectFoodMenuView.do?mi=16830,1
52,능내초등학교,초등학교,경기도 군포시 수리산로 37,7642015,https://neungnaecho.goegu.kr,https://neungnaecho.goegu.kr/neungnaecho/ad/fm/foodmenu/selectFoodMenuView.do?mi=4995,1
53,다산한강중학교,중학교,경기도 남양주시 다산지금로145번길 20,7652309,https://dasanhangang-m.goegn.kr,https://dasanhangang-m.goegn.kr/dasanhangang-m/ad/fm/foodmenu/selectFoodMenuView.do?mi=5210,1
54,다율중학교,중학교,경기도 파주시 다율로 28,7681216,http://dayul-m.goepj.kr,http://dayul-m.goepj.kr/dayul-m/ad/fm/foodmenu/selectFoodMenuView.do?mi=11557,1
55,다원학교,특수학교,경기도 이천시 부발읍 부발중앙로46번길 21,7531254,https://dawon.goeic.kr/dawon/main.do,https://dawon.goeic.kr/dawon/ad/fm/foodmenu/selectFoodMenuView.do?mi=1647,1
56,당정중학교,중학교,경기도 군포시 이당로 152,7642050,http://dangjeongjung.goegu.kr,http://dangjeongjung.goegu.kr/dangjeongjung/ad/fm/foodmenu/selectFoodMenuView.do?mi=3410,1
57,당수초등학교,초등학교,경기도 수원시 권선구 당진로 6,7541074,http://dangsu-e.goesw.kr,http://dangsu-e.goesw.kr/dangsu-e/ad/fm/foodmenu/selectFoodMenuView.do?mi=2979,1
58,다율초등학교,초등학교,경기도 파주시 다율로 30,7681213,http://dayul-e.goepj.kr/dayul-e/main.do,http://dayul-e.goepj.kr/dayul-e/ad/fm/foodmenu/selectFoodMenuView.do?mi=9771,1
59,답내초등학교,초등학교,경기도 남양주시 화도읍 경춘로2347번길 44-7,7652051,http://dapnae-e.goegn.kr,http://dapnae-e.goegn.kr/dapnae-e/ad/fm/foodmenu/selectFoodMenuView.do?mi=9007,1
60,대광초등학교,초등학교,경기도 연천군 신서면 연신로 1127-1,7701012,https://daegwang-em.goeyc.kr,https://daegwang-em.goeyc.kr/daegwang-em/ad/fm/foodmenu/selectFoodMenuView.do?mi=3267,1
61,대광중학교,중학교,경기도 연천군 신서면 연신로 1127-1,7701005,https://daegwang-em.goeyc.kr/daegwang-em/main.do,https://daegwang-em.goeyc.kr/daegwang-em/ad/fm/foodmenu/selectFoodMenuView.do?mi=3267,1
62,대송중학교,중학교,경기도 고양시 일산서구 송포로 49,7621014,https://daesong-m.goegy.kr,https://daesong-m.goegy.kr/daesong-m/ad/fm/foodmenu/selectFoodMenuView.do?mi=4172,1
63,대평고등학교,고등학교,경기도 수원시 장안구 천천로22번길 21,7530554,https://daepyeong-h.goesw.kr/index.do,https://daepyeong-h.goesw.kr/daepyeong-h/ad/fm/foodmenu/selectFoodMenuView.do?mi=3350,1
64,대평중학교,중학교,경기도 수원시 장안구 만석로68번길 7,7541019,https://daepyong-m.goesw.kr,https://daepyong-m.goesw.kr/daepyong-m/ad/fm/foodmenu/selectFoodMenuView.do?mi=6496,1
65,대화중학교,중학교,경기도 고양시 일산서구 고양대로 348,7621015,https://kgdaehwa-m.goegy.kr/kgdaehwa-m/main.do,https://kgdaehwa-m.goegy.kr/kgdaehwa-m/ad/fm/foodmenu/selectFoodMenuView.do?mi=20003,1
66,덕소고등학교,고등학교,경기도 남양주시 와부읍 덕소로 194,7530151,http://deokso-h.goegn.kr,http://deokso-h.goegn.kr/deokso-h/ad/fm/foodmenu/selectFoodMenuView.do?mi=2139,1
67,덕은초등학교,초등학교,경기도 고양시 덕양구 중앙로176번길 18-4,7621058,https://deokun-e.goegy.kr,https://deokun-e.goegy.kr/deokun-e/ad/fm/foodmenu/selectFoodMenuView.do?mi=1644,1
68,덕이초등학교,초등학교,경기도 고양시 일산서구 덕이로 104,7621059,https://deoki-e-e.goegy.kr/deoki-e-e/main.do,https://deoki-e-e.goegy.kr/deoki-e-e/ad/fm/foodmenu/selectFoodMenuView.do?mi=8509,1
69,덕이중학교,중학교,경기도 고양시 일산서구 하이파크3로,7621299,https://deogi-m.goegy.kr/deogi-m/main.do,https://deogi-m.goegy.kr/deogi-m/ad/fm/foodmenu/selectFoodMenuView.do?mi=8339,1
70,도덕초등학교,초등학교,경기도 광명시 가마산로 28,7591024,https://dodeok-e.goegm.kr,https://dodeok-e.goegm.kr/dodeok-e/ad/fm/foodmenu/selectFoodMenuView.do?mi=2721,1
71,도래울고등학교,고등학교,경기도 고양시 덕양구 도래울1로 67,7531165,http://doraeul-h.goegy.kr,http://doraeul-h.goegy.kr/doraeul-h/ad/fm/foodmenu/selectFoodMenuView.do?mi=5321,1
72,도래울초등학교,초등학교,경기도 고양시 덕양구 도래울3로,7621326,https://doraeul-e.goegy.kr/,https://doraeul-e.goegy.kr/doraeul-e/ad/fm/foodmenu/selectFoodMenuView.do?mi=19853,1
73,도림초등학교,초등학교,경기도 구리시 아차산로 431,7652059,http://dorim-e.goegn.kr,http://dorim-e.goegn.kr/dorim-e/ad/fm/foodmenu/selectFoodMenuView.do?mi=3521,1
74,동구중학교,중학교,경기도 구리시 동구릉로103번길 75,7652065,http://donggu-m.goegn.kr/,http://donggu-m.goegn.kr/donggu-m/ad/fm/foodmenu/selectFoodMenuView.do?mi=5514,1
75,동수원중학교,중학교,경기도 수원시 영통구 동탄원천로1109번길 92,7541018,http://dongsuwon-m.goesw.kr,http://dongsuwon-m.goesw.kr/dongsuwon-m/ad/fm/foodmenu/selectFoodMenuView.do?mi=7289,1
76,동안초등학교,초등학교,경기도 안양시 동안구 관평로138번길 36,7569017,https://dongan-e.goeay.kr,https://dongan-e.goeay.kr/dongan-e/ad/fm/foodmenu/selectFoodMenuView.do?mi=6342,1
77,동원동우고등학교,고등학교,경기도 수원시 장안구 장안로 426-1,7531598,https://dongwon-h.goesw.kr,https://dongwon-h.goesw.kr/dongwon-h/ad/fm/foodmenu/selectFoodMenuView.do?mi=3880,1
78,동패중학교,중학교,경기도 파주시 교하로 381,7681152,https://dongpae-m.goepj.kr,https://dongpae-m.goepj.kr/dongpae-m/ad/fm/foodmenu/selectFoodMenuView.do?mi=10009,1
79,망포초등학교,초등학교,경기도 수원시 영통구 망포로 126,7541401,http://mangpo-e.goesw.kr,http://mangpo-e.goesw.kr/mangpo-e/ad/fm/foodmenu/selectFoodMenuView.do?mi=4927,1
80,망포중학교,중학교,경기도 수원시 영통구 태장로82번길 15,7541048,http://mangpo-m.goesw.kr,http://mangpo-m.goesw.kr/mangpo-m/ad/fm/foodmenu/selectFoodMenuView.do?mi=7694,1
81,매산초등학교,초등학교,경기도 수원시 팔달구 향교로 93,7541076,http://maesan-e.goesw.kr,http://maesan-e.goesw.kr/maesan-e/ad/fm/foodmenu/selectFoodMenuView.do?mi=6872,1
82,매원중학교,중학교,경기도 수원시 영통구 매탄로 177,7541021,http://maewon-m.goesw.kr,http://maewon-m.goesw.kr/maewon-m/ad/fm/foodmenu/selectFoodMenuView.do?mi=8505,1
83,매탄중학교,중학교,경기도 수원시 영통구 효원로 337,7541236,http://maetan-m.goesw.kr,http://maetan-m.goesw.kr/maetan-m/ad/fm/foodmenu/selectFoodMenuView.do?mi=9085,1
84,망포고등학교,고등학교,경기도 수원시 영통구 동탄지성로 468,7530844,https://mangpo-h.goesw.kr,https://mangpo-h.goesw.kr/mangpo-h/ad/fm/foodmenu/selectFoodMenuView.do?mi=4290,1
85,명당초등학교,초등학교,경기도 수원시 권선구 세권로 319,7541136,http://myeongdang-e.goesw.kr,http://myeongdang-e.goesw.kr/myeongdang-e/ad/fm/foodmenu/selectFoodMenuView.do?mi=11362,1
86,매탄고등학교,고등학교,경기도 수원시 영통구 매탄로126번길 11,7530652,https://maetan-h.goesw.kr,https://maetan-h.goesw.kr/maetan-h/ad/fm/foodmenu/selectFoodMenuView.do?mi=4840,1
87,매향여자정보고등학교,고등학교,경기도 수원시 팔달구 수원천로 350,7530497,https://mh-h.goesw.kr,https://mh-h.goesw.kr/mh-h/ad/fm/foodmenu/selectFoodMenuView.do?mi=5127,1
88,목감초등학교,초등학교,경기도 시흥시 목감초등길 49,7781030,https://mokgam-e.goesh.kr,https://mokgam-e.goesh.kr/mokgam-e/ad/fm/foodmenu/selectFoodMenuView.do?mi=1213,1
89,목동초등학교,초등학교,경기도 가평군 북면 석장모루길 13,7721012,https://mokdong-e.goegp.kr,https://mokdong-e.goegp.kr/mokdong-e/ad/fm/foodmenu/selectFoodMenuView.do?mi=2289,1
90,무원초등학교,초등학교,경기도 고양시 덕양구 무원로 47,7621060,https://muwon-e.goegy.kr,https://muwon-e.goegy.kr/muwon-e/ad/fm/foodmenu/selectFoodMenuView.do?mi=4361,1
91,문산고등학교,고등학교,경기도 파주시 문산읍 당동1로 22,7530065,https://munsan-h.goepj.kr/,https://munsan-h.goepj.kr/munsan-h/ad/fm/foodmenu/selectFoodMenuView.do?mi=6543,1
92,문원초등학교,초등학교,경기도 과천시 코오롱로 53,7569018,https://munwon-e.goeay.kr/,https://munwon-e.goeay.kr/munwon-e/ad/fm/foodmenu/selectFoodMenuView.do?mi=6562,1
93,문산수억고등학교,고등학교,경기도 파주시 파주읍 우계로 357,7531236,https://munsansueok-h.goepj.kr,https://munsansueok-h.goepj.kr/munsansueok-h/ad/fm/foodmenu/selectFoodMenuView.do?mi=11104,1
94,문촌초등학교,초등학교,경기도 고양시 일산서구 주엽로 168,7621061,https://e-munchon-e.goegy.kr,https://e-munchon-e.goegy.kr/e-munchon-e/ad/fm/foodmenu/selectFoodMenuView.do?mi=8600,1
95,물향기초등학교,초등학교,경기도 파주시 물향기1로 15,7681238,https://mulhyanggi-e.goepj.kr/mulhyanggi-e/main.do,https://mulhyanggi-e.goepj.kr/mulhyanggi-e/ad/fm/foodmenu/selectFoodMenuView.do?mi=13659,1
96,미금중학교,중학교,경기도 남양주시 미금로 140,7652076,http://migeum-m.goegn.kr,http://migeum-m.goegn.kr/migeum-m/ad/fm/foodmenu/selectFoodMenuView.do?mi=5726,1
97,박달초등학교,초등학교,경기도 안양시 만안구 삼봉로 38,7569022,https://bakdal-e.goeay.kr/,https://bakdal-e.goeay.kr/bakdal-e/ad/fm/foodmenu/selectFoodMenuView.do?mi=3355,1
98,발산중학교,중학교,경기도 고양시 일산서구 고봉로 99,7621019,https://balsan-m.goegy.kr/,https://balsan-m.goegy.kr/balsan-m/ad/fm/foodmenu/selectFoodMenuView.do?mi=19968,1
99,배곧고등학교,고등학교,경기도 시흥시 배곧4로 94-10,7531246,https://baegot-h.goesh.kr,https://baegot-h.goesh.kr/baegot-h/ad/fm/foodmenu/selectFoodMenuView.do?mi=5722,1
100,배곧라온초등학교,초등학교,경기도 시흥시 배곧4로 94-39,7781150,https://baegotraon-e.goesh.kr/baegotraon-e/main.do,https://baegotraon-e.goesh.kr/baegotraon-e/ad/fm/foodmenu/selectFoodMenuView.do?mi=2338,1
101,배곧해솔중학교,중학교,경기도 시흥시 서울대학로 150-23,7781160,https://bg-haesol-m.goesh.kr,https://bg-haesol-m.goesh.kr/bg-haesol-m/ad/fm/foodmenu/selectFoodMenuView.do?mi=4634,1
102,백문초등학교,초등학교,경기도 구리시 장자대로13번길 12,7652077,http://baekmun-e.goegn.kr,http://baekmun-e.goegn.kr/baekmun-e/ad/fm/foodmenu/selectFoodMenuView.do?mi=3954,1
103,백송초등학교,초등학교,경기도 고양시 일산서구 하이파크3로 110,7621297,https://baeksong-e.goegy.kr,https://baeksong-e.goegy.kr/baeksong-e/ad/fm/foodmenu/selectFoodMenuView.do?mi=8765,1
104,백신중학교,중학교,경기도 고양시 일산동구 강촌로 89,7621022,https://baeksin-m.goegy.kr/,https://baeksin-m.goegy.kr/baeksin-m/ad/fm/foodmenu/selectFoodMenuView.do?mi=8943,1
105,별망중학교,중학교,경기도 안산시 단원구 초지1로 35,7611029,https://byulmang-m.goeas.kr,https://byulmang-m.goeas.kr/byulmang-m/ad/fm/foodmenu/selectFoodMenuView.do?mi=2187,1
106,부곡중앙중학교,중학교,경기도 군포시 송부로 241,7642123,http://bugokjungangjung.goegu.kr,http://bugokjungangjung.goegu.kr/bugokjungangjung/ad/fm/foodmenu/selectFoodMenuView.do?mi=3853,1
107,봉일천초등학교,초등학교,경기도 파주시 조리읍 통일로 333,7681040,https://bic-e.goepj.kr/,https://bic-e.goepj.kr/bic-e/ad/fm/foodmenu/selectFoodMenuView.do?mi=9079,1
108,부원고등학교,고등학교,경기도 이천시 장호원읍 서동대로 8857,7530842,http://buwon.goeic.kr,http://buwon.goeic.kr/buwon/ad/fm/foodmenu/selectFoodMenuView.do?mi=4080,1
109,산남초등학교,초등학교,경기도 수원시 영통구 산남로 86,7541080,http://sannam-e.goesw.kr,http://sannam-e.goesw.kr/sannam-e/ad/fm/foodmenu/selectFoodMenuView.do?mi=13741,1
110,빛가온초등학교,초등학교,경기도 광명시 양달로10번길 8,7591095,https://bitgaon-e.goegm.kr/,https://bitgaon-e.goegm.kr/bitgaon-e/ad/fm/foodmenu/selectFoodMenuView.do?mi=2943,1
111,산들중학교,중학교,경기도 파주시 교하로 43,7681204,https://sandeul-m.goepj.kr,https://sandeul-m.goepj.kr/sandeul-m/ad/fm/foodmenu/selectFoodMenuView.do?mi=7240,1
112,산본고등학교,고등학교,경기도 군포시 산본로 451-12,7530079,https://sanbongo.goegu.kr,https://sanbongo.goegu.kr/sanbongo/ad/fm/foodmenu/selectFoodMenuView.do?mi=3609,1
113,산본초등학교,초등학교,경기도 군포시 산본로386번길 60,7642021,https://sanboncho.goegu.kr/index.do,https://sanboncho.goegu.kr/sanboncho/ad/fm/foodmenu/selectFoodMenuView.do?mi=6205,1
114,산본중학교,중학교,경기도 군포시 산본로432번길 17,7642043,https://sanbonjung.goegu.kr,https://sanbonjung.goegu.kr/sanbonjung/ad/fm/foodmenu/selectFoodMenuView.do?mi=4400,1
115,산현초등학교,초등학교,경기도 시흥시 목감남서로 68,7781152,https://san-hyeon-e.goesh.kr/,https://san-hyeon-e.goesh.kr/san-hyeon-e/ad/fm/foodmenu/selectFoodMenuView.do?mi=4217,1
116,삼봉초등학교,초등학교,경기도 안양시 만안구 박달로437번길 21,7569027,https://sambong-e.goeay.kr,https://sambong-e.goeay.kr/sambong-e/ad/fm/foodmenu/selectFoodMenuView.do?mi=9678,1
117,삼성초등학교,초등학교,경기도 안양시 만안구 경수대로 1240,7569028,https://samsung-e.goeay.kr/samsung-e/main.do,https://samsung-e.goeay.kr/samsung-e/ad/fm/foodmenu/selectFoodMenuView.do?mi=6769,1
118,삼일고등학교,고등학교,경기도 수원시 팔달구 매향삼일로 20,7531427,https://samil-h.goesw.kr/samil-h/main.do,https://samil-h.goesw.kr/samil-h/ad/fm/foodmenu/selectFoodMenuView.do?mi=5389,1
119,삼일공업고등학교,고등학교,경기도 수원시 팔달구 매향삼일로 32,7530335,https://sths-h.goesw.kr/sths-h/main.do,https://sths-h.goesw.kr/sths-h/ad/fm/foodmenu/selectFoodMenuView.do?mi=18573,1
120,상면초등학교,초등학교,경기도 가평군 상면 청군로 700-22,7721015,https://sangmyun-e.goegp.kr,https://sangmyun-e.goegp.kr/sangmyun-e/ad/fm/foodmenu/selectFoodMenuView.do?mi=2501,1
121,서울삼육중학교,각종학교(중),경기도 구리시 아차산로487번길 70,7652291,https://seoulsahmyook-m.goegn.kr,https://seoulsahmyook-m.goegn.kr/seoulsahmyook-m/ad/fm/foodmenu/selectFoodMenuView.do?mi=17145,1
122,석곶초등학교,초등학교,경기도 파주시 책향기로 451,7681018,https://sk-e.goepj.kr/sk-e/main.do,https://sk-e.goepj.kr/sk-e/ad/fm/foodmenu/selectFoodMenuView.do?mi=9512,1
123,서해중학교,중학교,경기도 시흥시 옥구천서로373번길 18,7781009,https://seohae-m.goesh.kr,https://seohae-m.goesh.kr/seohae-m/ad/fm/foodmenu/selectFoodMenuView.do?mi=4076,1
124,서해초등학교,초등학교,경기도 시흥시 정왕대로53번길 14,7781027,https://sohae-e.goesh.kr,https://sohae-e.goesh.kr/sohae-e/ad/fm/foodmenu/selectFoodMenuView.do?mi=6222,1
125,선부초등학교,초등학교,경기도 안산시 단원구 달미로 24,7611051,https://seonbu-e.goeas.kr/seonbu-e/main.do,https://seonbu-e.goeas.kr/seonbu-e/ad/fm/foodmenu/selectFoodMenuView.do?mi=10716,1
126,소화초등학교,초등학교,경기도 수원시 영통구 광교중앙로 30,7541132,http://sohwa-e.goesw.kr,http://sohwa-e.goesw.kr/sohwa-e/ad/fm/foodmenu/selectFoodMenuView.do?mi=18187,1
127,소만초등학교,초등학교,경기 고양시 덕양구 화신로 48,7621074,https://soman-e.goegy.kr/,https://soman-e.goegy.kr/soman-e/ad/fm/foodmenu/selectFoodMenuView.do?mi=1823,1
128,소하중학교,중학교,경기도 광명시 소하일로 31,7591008,https://soha-m.goegm.kr,https://soha-m.goegm.kr/soha-m/ad/fm/foodmenu/selectFoodMenuView.do?mi=5079,1
129,송림초등학교,초등학교,경기도 수원시 장안구 대평로51번길 65,7541139,http://songlim-e.goesw.kr/,http://songlim-e.goesw.kr/songlim-e/ad/fm/foodmenu/selectFoodMenuView.do?mi=10389,1
130,송원초등학교,초등학교,경기도 수원시 장안구 수일로 185,7541140,http://songwon-e.goesw.kr,http://songwon-e.goesw.kr/songwon-e/ad/fm/foodmenu/selectFoodMenuView.do?mi=1576,1
131,수성중학교,중학교,경기도 수원시 장안구 수성로363번길 2,7541026,http://suseong-m.goesw.kr,http://suseong-m.goesw.kr/suseong-m/ad/fm/foodmenu/selectFoodMenuView.do?mi=16462,1
132,송포초등학교,초등학교,경기도 고양시 일산서구 송산로 379,7621075,https://songpo-e.goegy.kr/,https://songpo-e.goegy.kr/songpo-e/ad/fm/foodmenu/selectFoodMenuView.do?mi=9684,1
133,수성초등학교,초등학교,경기도 수원시 장안구 금당로 19,7541090,http://sooseong-e.goesw.kr,http://sooseong-e.goesw.kr/sooseong-e/ad/fm/foodmenu/selectFoodMenuView.do?mi=2699,1
134,수원가온초등학교,초등학교,경기도 수원시 권선구 금곡로73번길 36,7541357,http://suwongaon-e.goesw.kr,http://suwongaon-e.goesw.kr/suwongaon-e/ad/fm/foodmenu/selectFoodMenuView.do?mi=3281,1
135,수원금호초등학교,초등학교,경기도 수원시 권선구 칠보로 142,7541381,http://swgumho-e.goesw.kr,http://swgumho-e.goesw.kr/swgumho-e/ad/fm/foodmenu/selectFoodMenuView.do?mi=3860,1
136,수원금곡초등학교,초등학교,경기도 수원시 권선구 서수원로617번길 30,7541088,http://swkumgok-e.goesw.kr,http://swkumgok-e.goesw.kr/swkumgok-e/ad/fm/foodmenu/selectFoodMenuView.do?mi=3555,1
137,송호고등학교,고등학교,경기도 안산시 상록구 광덕3로 296,7530573,https://songho-h.goeas.kr/,https://songho-h.goeas.kr/songho-h/ad/fm/foodmenu/selectFoodMenuView.do?mi=4591,1
138,수원다산중학교,중학교,경기도 수원시 영통구 혜령로 12,7541355,http://swdasan-m.goesw.kr,http://swdasan-m.goesw.kr/swdasan-m/ad/fm/foodmenu/selectFoodMenuView.do?mi=17488,1
139,수원북중학교,중학교,경기도 수원시 장안구 광교산로 37,7541028,http://suwonbuk-m.goesw.kr,http://suwonbuk-m.goesw.kr/suwonbuk-m/ad/fm/foodmenu/selectFoodMenuView.do?mi=17952,1
140,송호중학교,중학교,경기도 안산시 단원구 광덕3로 240,7611030,https://songho-m.goeas.kr/,https://songho-m.goeas.kr/songho-m/ad/fm/foodmenu/selectFoodMenuView.do?mi=4402,1
141,수원원일중학교,중학교,경기도 수원시 영통구 삼성로213번길 122,7541058,http://swwonil-m.goesw.kr,http://swwonil-m.goesw.kr/swwonil-m/ad/fm/foodmenu/selectFoodMenuView.do?mi=17451,1
142,수원중촌초등학교,초등학교,경기도 수원시 권선구 금곡로 140번길 30,7541342,http://swjc-e.goesw.kr,http://swjc-e.goesw.kr/swjc-e/ad/fm/foodmenu/selectFoodMenuView.do?mi=5343,1
143,수일중학교,중학교,경기도 수원시 장안구 수일로 103,7541030,http://suil-m.goesw.kr,http://suil-m.goesw.kr/suil-m/ad/fm/foodmenu/selectFoodMenuView.do?mi=13759,1
144,수원동신초등학교,초등학교,경기도 수원시 장안구 만석로68번길 46,7541384,https://suwondongsin-e.goesw.kr,https://suwondongsin-e.goesw.kr/suwondongsin-e/ad/fm/foodmenu/selectFoodMenuView.do?mi=4072,1
145,수원신곡초등학교,초등학교,경기도 수원시 권선구 정조로544번길 13-7,7541091,https://swsg-e.goesw.kr/index.do,https://swsg-e.goesw.kr/swsg-e/ad/fm/foodmenu/selectFoodMenuView.do?mi=5021,1
146,슬기초등학교,초등학교,경기도 안산시 단원구 안산천남로 53,7611056,https://seulgi-e.goeas.kr/seulgi-e/main.do,https://seulgi-e.goeas.kr/seulgi-e/ad/fm/foodmenu/selectFoodMenuView.do?mi=11205,1
147,시곡초등학교,초등학교,경기도 안산시 상록구 감골1로 46,7611057,https://sigok-e.goeas.kr/,https://sigok-e.goeas.kr/sigok-e/ad/fm/foodmenu/selectFoodMenuView.do?mi=1617,1
148,시랑초등학교,초등학교,경기도 안산시 상록구 충장로 670,7611058,https://sirang-e.goeas.kr,https://sirang-e.goeas.kr/sirang-e/ad/fm/foodmenu/selectFoodMenuView.do?mi=12337,1
149,시흥고등학교,고등학교,경기도 시흥시 상직길 25,7530570,https://siheung-h.goesh.kr/siheung-h/main.do,https://siheung-h.goesh.kr/siheung-h/ad/fm/foodmenu/selectFoodMenuView.do?mi=6693,1
150,시흥능곡초등학교,초등학교,경기도 시흥시 능곡중앙로 22,7781101,https://neunggok-e.goesh.kr,https://neunggok-e.goesh.kr/neunggok-e/ad/fm/foodmenu/selectFoodMenuView.do?mi=3456,1
151,시흥신일초등학교,초등학교,경기도 시흥시 신천로7번길 12,7781024,https://sinil-sh-e.goesh.kr/,https://sinil-sh-e.goesh.kr/sinil-sh-e/ad/fm/foodmenu/selectFoodMenuView.do?mi=5867,1
152,시흥매화중학교,중학교,경기도 시흥시 매화로 71,7781103,https://shmaehwa-m.goesh.kr,https://shmaehwa-m.goesh.kr/shmaehwa-m/ad/fm/foodmenu/selectFoodMenuView.do?mi=5042,1
153,시흥초등학교,초등학교,경기도 시흥시 정왕대로143번길 15,7781034,https://siheung-e.goesh.kr,https://siheung-e.goesh.kr/siheung-e/ad/fm/foodmenu/selectFoodMenuView.do?mi=9470,1
154,시흥중학교,중학교,경기도 시흥시 옥구천동로374번길 39,7781010,https://siheung-m.goesh.kr,https://siheung-m.goesh.kr/siheung-m/ad/fm/foodmenu/selectFoodMenuView.do?mi=8145,1
155,신길초등학교,초등학교,경기도 안산시 단원구 새뿔길 100,7611131,https://singil-e.goeas.kr,https://singil-e.goeas.kr/singil-e/ad/fm/foodmenu/selectFoodMenuView.do?mi=2487,1
156,신능중학교,중학교,경기도 고양시 덕양구 충장로 ,7621024,https://sinneung-m.goegy.kr/sinneung-m/main.do,https://sinneung-m.goegy.kr/sinneung-m/ad/fm/foodmenu/selectFoodMenuView.do?mi=6982,1
157,신둔초등학교,초등학교,경기도 이천시 신둔면 경충대로3150번길 82-3,7741028,https://sindun.goeic.kr/,https://sindun.goeic.kr/sindun/ad/fm/foodmenu/selectFoodMenuView.do?mi=5448,1
158,신능초등학교,초등학교,경기도 고양시 덕양구 충장로123번길 37,7621076,http://shinneung-e.goegy.kr/,http://shinneung-e.goegy.kr/shinneung-e/ad/fm/foodmenu/selectFoodMenuView.do?mi=2487,1
159,신안중학교,중학교,경기도 안양시 만안구 능곡로 78,7569064,https://shinan-m.goeay.kr/,https://shinan-m.goeay.kr/shinan-m/ad/fm/foodmenu/selectFoodMenuView.do?mi=8534,1
160,신원고등학교,고등학교,경기도 고양시 덕양구 통일로 391,7531394,https://sinwon-h.goegy.kr,https://sinwon-h.goegy.kr/sinwon-h/ad/fm/foodmenu/selectFoodMenuView.do?mi=1099,1
161,신천중학교,중학교,경기도 시흥시 포도원로 88-1,7781014,https://shshincheon-m.goesh.kr/,https://shshincheon-m.goesh.kr/shshincheon-m/ad/fm/foodmenu/selectFoodMenuView.do?mi=8084,1
162,심학중학교,중학교,경기도 파주시 양지로 75,7681214,https://simhak-m.goepj.kr,https://simhak-m.goepj.kr/simhak-m/ad/fm/foodmenu/selectFoodMenuView.do?mi=7091,1
163,안산양지초등학교,초등학교,경기도 안산시 단원구 안산천남로 129,7611064,https://ansanyangji-e.goeas.kr/ansanyangji-e/main.do,https://ansanyangji-e.goeas.kr/ansanyangji-e/ad/fm/foodmenu/selectFoodMenuView.do?mi=7451,1
164,안산서초등학교,초등학교,경기도 안산시 단원구 원선로 67,7611061,https://ansanseo-e.goeas.kr/ansanseo-e/main.do,https://ansanseo-e.goeas.kr/ansanseo-e/ad/fm/foodmenu/selectFoodMenuView.do?mi=12573,1
165,안산석수초등학교,초등학교,경기도 안산시 단원구 석수로 93,7611062,https://ansanseoksu-e.goeas.kr/ansanseoksu-e/main.do,https://ansanseoksu-e.goeas.kr/ansanseoksu-e/ad/fm/foodmenu/selectFoodMenuView.do?mi=7254,1
166,안산초등학교,초등학교,경기도 안산시 상록구 수암2길 13-7,7611066,http://ansan-e.goeas.kr,http://ansan-e.goeas.kr/ansan-e/ad/fm/foodmenu/selectFoodMenuView.do?mi=7736,1
167,안산해양중학교,중학교,경기도 안산시 상록구 해양로 11,7611124,https://ansanhaeyang-m.goeas.kr/,https://ansanhaeyang-m.goeas.kr/ansanhaeyang-m/ad/fm/foodmenu/selectFoodMenuView.do?mi=4340,1
168,안양남초등학교,초등학교,경기도 안양시 동안구 흥안대로 275,7569034,https://aynam-e.goeay.kr,https://aynam-e.goeay.kr/aynam-e/ad/fm/foodmenu/selectFoodMenuView.do?mi=2737,1
169,안양덕현초등학교,초등학교,경기도 안양시 동안구 갈산로 34,7569035,https://aydh-e.goeay.kr/aydh-e/main.do,https://aydh-e.goeay.kr/aydh-e/ad/fm/foodmenu/selectFoodMenuView.do?mi=7132,1
170,안양문화고등학교,고등학교,경기도 안양시 만안구 양화로37번길 36,7531409,https://anyangculture-h.goeay.kr/,https://anyangculture-h.goeay.kr/anyangculture-h/ad/fm/foodmenu/selectFoodMenuView.do?mi=12760,1
171,안양부흥중학교,중학교,경기도 안양시 동안구 달안로 25,7569066,https://aybuheung-m.goeay.kr/,https://aybuheung-m.goeay.kr/aybuheung-m/ad/fm/foodmenu/selectFoodMenuView.do?mi=9777,1
172,안양서초등학교,초등학교,경기도 안양시 만안구 양화로37번길 32,7569039,https://ayseo-e.goeay.kr/ayseo-e/main.do,https://ayseo-e.goeay.kr/ayseo-e/ad/fm/foodmenu/selectFoodMenuView.do?mi=7235,1
173,안양여자중학교,중학교,경기도 안양시 만안구 안양로 357,7569077,https://anyangg-m.goeay.kr/,https://anyangg-m.goeay.kr/anyangg-m/ad/fm/foodmenu/selectFoodMenuView.do?mi=8673,1
174,안양외국어고등학교,고등학교,경기도 안양시 만안구 양화로37번길 36,7530187,http://anyangfl-h.goeay.kr,http://anyangfl-h.goeay.kr/anyangfl-h/ad/fm/foodmenu/selectFoodMenuView.do?mi=9332,1
175,안현초등학교,초등학교,경기도 광명시 도덕공원로 5,7591088,https://anhyun-e.goegm.kr,https://anhyun-e.goegm.kr/anhyun-e/ad/fm/foodmenu/selectFoodMenuView.do?mi=3137,1
176,양일초등학교,초등학교,경기도 고양시 일산동구 위시티로 151,7621289,https://yangil-e.goegy.kr/,https://yangil-e.goegy.kr/yangil-e/ad/fm/foodmenu/selectFoodMenuView.do?mi=10000,1
177,연성중학교,중학교,경기도 시흥시 하상로 14-7,7781012,https://yeonseong-m.goesh.kr/,https://yeonseong-m.goesh.kr/yeonseong-m/ad/fm/foodmenu/selectFoodMenuView.do?mi=8514,1
178,연서초등학교,초등학교,경기도 광명시 안현로 80-2,7591028,https://yonseo-e.goegm.kr/,https://yonseo-e.goegm.kr/yonseo-e/ad/fm/foodmenu/selectFoodMenuView.do?mi=3356,1
179,연성초등학교,초등학교,경기도 시흥시 나분들길 44,7781019,https://yeonseong-e.goesh.kr,https://yeonseong-e.goesh.kr/yeonseong-e/ad/fm/foodmenu/selectFoodMenuView.do?mi=6504,1
180,영동초등학교,초등학교,경기도 수원시 영통구 봉영로1517번길 40,7541100,http://youngdong-e.goesw.kr,http://youngdong-e.goesw.kr/youngdong-e/ad/fm/foodmenu/selectFoodMenuView.do?mi=8337,1
181,연무중학교,중학교,경기도 수원시 영통구 센트럴타운로100번길 30,7541032,https://suwonym-m.goesw.kr,https://suwonym-m.goesw.kr/suwonym-m/ad/fm/foodmenu/selectFoodMenuView.do?mi=10150,1
182,영신여자고등학교,고등학교,경기도 수원시 권선구 삼천병마로1566번길 30,7530197,http://ysg-h.goesw.kr,http://ysg-h.goesw.kr/ysg-h/ad/fm/foodmenu/selectFoodMenuView.do?mi=17477,1
183,영신중학교,중학교,경기도 수원시 권선구 삼천병마로 1566-30,7541035,http://youngshin-m.goesw.kr,http://youngshin-m.goesw.kr/youngshin-m/ad/fm/foodmenu/selectFoodMenuView.do?mi=16716,1
184,영덕고등학교,고등학교,경기도 수원시 영통구 매영로 334,7530101,https://yeongdeok-h.goesw.kr/,https://yeongdeok-h.goesw.kr/yeongdeok-h/ad/fm/foodmenu/selectFoodMenuView.do?mi=15639,1
185,영생고등학교,고등학교,경기도 수원시 장안구 서부로2198번길 22,7530195,https://myys-h.goesw.kr,https://myys-h.goesw.kr/myys-h/ad/fm/foodmenu/selectFoodMenuView.do?mi=16920,1
186,영북중학교,중학교,경기도 포천시 영북면 영북로 214,7711010,http://youngbuk-m.goepc.kr,http://youngbuk-m.goepc.kr/youngbuk-m/ad/fm/foodmenu/selectFoodMenuView.do?mi=6497,1
187,영화초등학교,초등학교,경기도 수원시 장안구 경수대로 838,7541103,https://younghwa-e.goesw.kr,https://younghwa-e.goesw.kr/younghwa-e/ad/fm/foodmenu/selectFoodMenuView.do?mi=12082,1
188,예봉초등학교,초등학교,경기도 남양주시 와부읍 수레로 108,7652161,http://yebong-e.goegn.kr,http://yebong-e.goegn.kr/yebong-e/ad/fm/foodmenu/selectFoodMenuView.do?mi=11737,1
189,오현초등학교,초등학교,경기도 수원시 권선구 서수원로 220,7541146,http://ohyeon-e.goesw.kr,http://ohyeon-e.goesw.kr/ohyeon-e/ad/fm/foodmenu/selectFoodMenuView.do?mi=12859,1
190,와동초등학교,초등학교,경기도 안산시 단원구 사세충열로 26,7611068,https://wadong-e.goeas.kr/wadong-e/main.do#,https://wadong-e.goeas.kr/wadong-e/ad/fm/foodmenu/selectFoodMenuView.do?mi=10800,1
191,용신초등학교,초등학교,경기도 남양주시 진건읍 사릉로 474,7652104,http://yongsin-e.goegn.kr,http://yongsin-e.goegn.kr/yongsin-e/ad/fm/foodmenu/selectFoodMenuView.do?mi=14260,1
192,용정초등학교,초등학교,경기도 고양시 덕양구 은빛로17번길 ,7621082,https://youngjong-e-e.goegy.kr/youngjong-e-e/main.do,https://youngjong-e-e.goegy.kr/youngjong-e-e/ad/fm/foodmenu/selectFoodMenuView.do?mi=10114,1
193,운정중앙중학교,중학교,경기도 파주시 물향기1로 140,7681242,https://unjeongjungang-m.goepj.kr/unjeongjungang-m/main.do,https://unjeongjungang-m.goepj.kr/unjeongjungang-m/ad/fm/foodmenu/selectFoodMenuView.do?mi=13891,1
194,운정초등학교,초등학교,경기도 파주시 와석순환로 35-34,7681178,https://unjeong-e.goepj.kr/,https://unjeong-e.goepj.kr/unjeong-e/ad/fm/foodmenu/selectFoodMenuView.do?mi=7785,1
195,원천초등학교,초등학교,경기도 수원시 영통구 매영로 103,7541106,http://wonchon-e.goesw.kr,http://wonchon-e.goesw.kr/wonchon-e/ad/fm/foodmenu/selectFoodMenuView.do?mi=15593,1
196,웃터골초등학교,초등학교,경기도 시흥시 은행고길 18,7781088,https://usturgol-e.goesh.kr,https://usturgol-e.goesh.kr/usturgol-e/ad/fm/foodmenu/selectFoodMenuView.do?mi=6832,1
197,원일초등학교,초등학교,경기도 안산시 단원구 원선로 113,7611069,https://wonil-e.goeas.kr/,https://wonil-e.goeas.kr/wonil-e/ad/fm/foodmenu/selectFoodMenuView.do?mi=10959,1
198,원흥중학교,중학교,경기도 고양시 덕양구 원흥1로 10,7621408,https://wonheung-m.goegy.kr,https://wonheung-m.goegy.kr/wonheung-m/ad/fm/foodmenu/selectFoodMenuView.do?mi=22392,1
199,원흥초등학교,초등학교,경기도 고양시 덕양구 원흥1로 26,7621372,https://wonheung-e.goegy.kr,https://wonheung-e.goegy.kr/wonheung-e/ad/fm/foodmenu/selectFoodMenuView.do?mi=10259,1
200,율현초등학교,초등학교,경기도 수원시 팔달구 정자천로32번길 55,7541108,https://youlhyun-e.goesw.kr/,https://youlhyun-e.goesw.kr/youlhyun-e/ad/fm/foodmenu/selectFoodMenuView.do?mi=15200,1
201,은계중학교,중학교,경기도 시흥시 대은로111번길 10,7781104,https://eungye-m.goesh.kr,https://eungye-m.goesh.kr/eungye-m/ad/fm/foodmenu/selectFoodMenuView.do?mi=8205,1
202,은계초등학교,초등학교,경기도 시흥시 대은로103번길 24,7781031,https://eunkye-e.goesh.kr/eunkye-e/main.do,https://eunkye-e.goesh.kr/eunkye-e/ad/fm/foodmenu/selectFoodMenuView.do?mi=4332,1
203,은행고등학교,고등학교,경기도 시흥시 은행고길 85,7530108,https://eunhaeng-h.goesh.kr,https://eunhaeng-h.goesh.kr/eunhaeng-h/ad/fm/foodmenu/selectFoodMenuView.do?mi=5485,1
204,은빛초등학교,초등학교,경기도 시흥시 은계로142번길 6,7781159,https://sheunbit-e.goesh.kr/sheunbit-e/main.do,https://sheunbit-e.goesh.kr/sheunbit-e/ad/fm/foodmenu/selectFoodMenuView.do?mi=1214,1
205,응곡중학교,중학교,경기도 시흥시 장곡로54번길 14,7781105,https://eunggok-m.goesh.kr,https://eunggok-m.goesh.kr/eunggok-m/ad/fm/foodmenu/selectFoodMenuView.do?mi=7643,1
206,이곡초등학교,초등학교,경기도 포천시 소흘읍 이곡길 5,7711034,https://igok-e.goepc.kr/igok-e/main.do,https://igok-e.goepc.kr/igok-e/ad/fm/foodmenu/selectFoodMenuView.do?mi=3809,1
207,이목중학교,중학교,경기도 수원시 장안구 장안로 426,7541041,https://imok-m.goesw.kr/,https://imok-m.goesw.kr/imok-m/ad/fm/foodmenu/selectFoodMenuView.do?mi=12072,1
208,이의고등학교,고등학교,경기도 수원시 영통구 법조로 145,7531166,https://iui-h.goesw.kr,https://iui-h.goesw.kr/iui-h/ad/fm/foodmenu/selectFoodMenuView.do?mi=16282,1
209,이호초등학교,초등학교,경기도 안산시 상록구 고목로3길 44,7611070,https://iho-e.goeas.kr,https://iho-e.goeas.kr/iho-e/ad/fm/foodmenu/selectFoodMenuView.do?mi=2995,1
210,잠원중학교,중학교,경기도 수원시 영통구 태장로 25,7541053,http://jamwon-m.goesw.kr,http://jamwon-m.goesw.kr/jamwon-m/ad/fm/foodmenu/selectFoodMenuView.do?mi=11130,1
211,일산중학교,중학교,경기도 고양시 일산서구 원일로 53,7621029,https://ilsan-m.goegy.kr/ilsan-m/main.do,https://ilsan-m.goegy.kr/ilsan-m/ad/fm/foodmenu/selectFoodMenuView.do?mi=5434,1
212,일산양일중학교,중학교,경기도 고양시 일산동구 위시티3로 47,7621290,https://ilsanyangil-m.goegy.kr,https://ilsanyangil-m.goegy.kr/ilsanyangil-m/ad/fm/foodmenu/selectFoodMenuView.do?mi=10414,1
213,입북초등학교,초등학교,경기도 수원시 권선구 율전로 10,7541061,https://ipbuk-e.goesw.kr,https://ipbuk-e.goesw.kr/ipbuk-e/ad/fm/foodmenu/selectFoodMenuView.do?mi=13835,1
214,임곡중학교,중학교,경기도 안양시 동안구 임곡로 105,7569071,https://ayimgok-m.goeay.kr,https://ayimgok-m.goeay.kr/ayimgok-m/ad/fm/foodmenu/selectFoodMenuView.do?mi=3096,1
215,자유초등학교,초등학교,경기도 파주시 문산읍 방촌로 1722,7681162,https://jayu-e.goepj.kr/jayu-e/main.do,https://jayu-e.goepj.kr/jayu-e/ad/fm/foodmenu/selectFoodMenuView.do?mi=2583,1
216,장곡초등학교,초등학교,경기도 시흥시 장곡로70번길 12,7781022,https://jang-gok-e.goesh.kr,https://jang-gok-e.goesh.kr/jang-gok-e/ad/fm/foodmenu/selectFoodMenuView.do?mi=1647,1
217,장곡중학교,중학교,경기도 시흥시 장곡로 10,7781013,https://janggok-m.goesh.kr/,https://janggok-m.goesh.kr/janggok-m/ad/fm/foodmenu/selectFoodMenuView.do?mi=7492,1
218,정자초등학교,초등학교,경기도 수원시 장안구 장안로 191,7541111,http://jungja-e.goesw.kr,http://jungja-e.goesw.kr/jungja-e/ad/fm/foodmenu/selectFoodMenuView.do?mi=13812,1
219,정왕초등학교,초등학교,경기도 시흥시 중심상가로 257,7781028,https://chongwang-e.goesh.kr,https://chongwang-e.goesh.kr/chongwang-e/ad/fm/foodmenu/selectFoodMenuView.do?mi=2475,1
220,조원중학교,중학교,경기도 수원시 장안구 수일로233번길 35,7541009,https://jowon-m.goesw.kr/jowon-m/main.do,https://jowon-m.goesw.kr/jowon-m/ad/fm/foodmenu/selectFoodMenuView.do?mi=9279,1
221,주엽초등학교,초등학교,경기도 고양시 일산서구 강선로 29,7621091,https://jy-e.goegy.kr/,https://jy-e.goegy.kr/jy-e/ad/fm/foodmenu/selectFoodMenuView.do?mi=3488,1
222,증포중학교,중학교,경기도 이천시 애련정로 218,7741080,https://jpo-ms.goeic.kr/,https://jpo-ms.goeic.kr/jpo-ms/ad/fm/foodmenu/selectFoodMenuView.do?mi=1490,1
223,지효초등학교,초등학교,경기도 고양시 덕양구 오부자로 115,7621397,https://jihyo-e.goegy.kr/,https://jihyo-e.goegy.kr/jihyo-e/ad/fm/foodmenu/selectFoodMenuView.do?mi=21096,1
224,진가초등학교,초등학교,경기도 이천시 모가면 진상미로 1321-14,7741042,https://jinga.goeic.kr/,https://jinga.goeic.kr/jinga/ad/fm/foodmenu/selectFoodMenuView.do?mi=2383,1
225,진접중학교,중학교,경기도 남양주시 진접읍 금강로 1641-1,7652124,http://jinjeop-m.goegn.kr,http://jinjeop-m.goegn.kr/jinjeop-m/ad/fm/foodmenu/selectFoodMenuView.do?mi=3741,1
226,천일초등학교,초등학교,경기도 수원시 장안구 정자로19번길 13,7541116,http://cheonil-e.goesw.kr,http://cheonil-e.goesw.kr/cheonil-e/ad/fm/foodmenu/selectFoodMenuView.do?mi=16118,1
227,창의경영고등학교,고등학교,경기도 광명시 기아로13번안길 9-9,7531407,https://www.goegm.kr/cem-h/main.do,https://www.goegm.kr/cem-h/ad/fm/foodmenu/selectFoodMenuView.do?mi=3765,1
228,천마중학교,중학교,경기도 남양주시 화도읍 먹갓로28번길 12,7652272,https://www.goegn.kr/cheonma-m/main.do,https://www.goegn.kr/cheonma-m/ad/fm/foodmenu/selectFoodMenuView.do?mi=3422,1
229,청석초등학교,초등학교,경기도 파주시 청석로 330,7681056,https://www.goepj.kr/cheongseok-e/main.do,https://www.goepj.kr/cheongseok-e/ad/fm/foodmenu/selectFoodMenuView.do?mi=3423,1
230,청평중학교,중학교,경기도 가평군 청평면 골안길 7,7721008,https://chungpyung-m.goegp.kr,https://chungpyung-m.goegp.kr/chungpyung-m/ad/fm/foodmenu/selectFoodMenuView.do?mi=3767,1
231,청학고등학교,고등학교,경기도 남양주시 별내면 청학로68번길 47,7530550,http://cheonghak-h.goegn.kr,http://cheonghak-h.goegn.kr/cheonghak-h/ad/fm/foodmenu/selectFoodMenuView.do?mi=7720,1
232,태장초등학교,초등학교,경기도 수원시 영통구 태장로71번길 30,7541120,https://taejang-e.goesw.kr/taejang-e/main.do,https://taejang-e.goesw.kr/taejang-e/ad/fm/foodmenu/selectFoodMenuView.do?mi=5682,1
233,통일초등학교,초등학교,경기도 파주시 탄현면 사슴벌레로 14,7681058,https://tongil-e.goepj.kr,https://tongil-e.goepj.kr/tongil-e/ad/fm/foodmenu/selectFoodMenuView.do?mi=4027,1
234,팔달초등학교,초등학교,경기도 수원시 팔달구 권광로367번길 22,7541065,http://paldal-e.goesw.kr,http://paldal-e.goesw.kr/paldal-e/ad/fm/foodmenu/selectFoodMenuView.do?mi=9765,1
235,파주와동초등학교,초등학교,경기도 파주시 금바위로 17,7681062,https://pjwadong-e.goepj.kr,https://pjwadong-e.goepj.kr/pjwadong-e/ad/fm/foodmenu/selectFoodMenuView.do?mi=10452,1
236,평내초등학교,초등학교,경기도 남양주시 경춘로 1292-11,7652139,https://pyongnae-e.goegn.kr/pyongnae-e/main.do,https://pyongnae-e.goegn.kr/pyongnae-e/ad/fm/foodmenu/selectFoodMenuView.do?mi=8852,1
237,평동초등학교,초등학교,경기도 남양주시 호평로68번길 16,7652141,https://pyeongdong-e.goegn.kr/pyeongdong-e/main.do,https://pyeongdong-e.goegn.kr/pyeongdong-e/ad/fm/foodmenu/selectFoodMenuView.do?mi=9299,1
238,평촌중학교,중학교,경기도 안양시 동안구 관평로 127,7569072,https://pyeongchon-m.goeay.kr/,https://pyeongchon-m.goeay.kr/pyeongchon-m/ad/fm/foodmenu/selectFoodMenuView.do?mi=9010,1
239,포리초등학교,초등학교,경기도 시흥시 신현로202번길 31,7781017,https://pori-e.goesh.kr,https://pori-e.goesh.kr/pori-e/ad/fm/foodmenu/selectFoodMenuView.do?mi=3738,1
240,하늘초등학교,초등학교,경기도 고양시 일산동구 하늘마을1로 46,7621178,https://haneul-e.goegy.kr,https://haneul-e.goegy.kr/haneul-e/ad/fm/foodmenu/selectFoodMenuView.do?mi=20059,1
241,하안북중학교,중학교,경기도 광명시 가림로 22,7591013,https://haanbuk-m.goegm.kr/,https://haanbuk-m.goegm.kr/haanbuk-m/ad/fm/foodmenu/selectFoodMenuView.do?mi=3659,1
242,한가람중학교,중학교,경기도 파주시 금바위로 77,7681164,https://hangaram-m.goepj.kr/,https://hangaram-m.goepj.kr/hangaram-m/ad/fm/foodmenu/selectFoodMenuView.do?mi=6641,1
243,한가람초등학교,초등학교,경기도 파주시 금바위로 87,7681150,http://han-e.goepj.kr,http://han-e.goepj.kr/han-e/ad/fm/foodmenu/selectFoodMenuView.do?mi=4848,1
244,한국조리과학고등학교,고등학교,경기도 시흥시 금오로 640,7530539,https://kcas-h.goesh.kr/kcas-h/main.do,https://kcas-h.goesh.kr/kcas-h/ad/fm/foodmenu/selectFoodMenuView.do?mi=2700,1
245,한빛중학교,중학교,경기도 파주시 한빛로 56,7681125,http://hanbit-m.goepj.kr,http://hanbit-m.goepj.kr/hanbit-m/ad/fm/foodmenu/selectFoodMenuView.do?mi=6568,1
246,한얼초등학교,초등학교,경기도 군포시 산본천로 136,7642122,https://haneolcho.goegu.kr,https://haneolcho.goegu.kr/haneolcho/ad/fm/foodmenu/selectFoodMenuView.do?mi=5847,1
247,한일초등학교,초등학교,경기도 수원시 장안구 수일로 150,7541144,https://hanil-e.goesw.kr,https://hanil-e.goesw.kr/hanil-e/ad/fm/foodmenu/selectFoodMenuView.do?mi=11747,1
248,향동숲내초등학교,초등학교,경기도 고양시 덕양구 향기로 53,7621362,http://hdsupnae-e.goegy.kr/,http://hdsupnae-e.goegy.kr/hdsupnae-e/ad/fm/foodmenu/selectFoodMenuView.do?mi=19974,1
249,향동중학교,중학교,경기도 고양시 덕양구 향동1로 38,7621365,https://hyangdong-m.goegy.kr,https://hyangdong-m.goegy.kr/hyangdong-m/ad/fm/foodmenu/selectFoodMenuView.do?mi=19151,1
250,호매실초등학교,초등학교,경기도 수원시 권선구 매실로 48,7541122,http://homaeshil-e.goesw.kr,http://homaeshil-e.goesw.kr/homaeshil-e/ad/fm/foodmenu/selectFoodMenuView.do?mi=13283,1
251,호계중학교,중학교,경기도 안양시 동안구 경수대로665번길 74-23,7569073,https://hogye-m.goeay.kr/,https://hogye-m.goeay.kr/hogye-m/ad/fm/foodmenu/selectFoodMenuView.do?mi=3516,1
252,호곡초등학교,초등학교,경기도 고양시 일산서구 탄현로 109,7621105,https://hogok-e.goegy.kr,https://hogok-e.goegy.kr/hogok-e/ad/fm/foodmenu/selectFoodMenuView.do?mi=11400,1
253,호성초등학교,초등학교,경기도 안양시 동안구 호성로 43-2,7569049,https://hoseong-e.goeay.kr/hoseong-e/main.do,https://hoseong-e.goeay.kr/hoseong-e/ad/fm/foodmenu/selectFoodMenuView.do?mi=7806,1
254,호수초등학교,초등학교,경기도 고양시 일산동구 강촌로 27,7621101,http://hosu-e.goegy.kr,http://hosu-e.goegy.kr/hosu-e/ad/fm/foodmenu/selectFoodMenuView.do?mi=19562,1
255,화봉초등학교,초등학교,경기도 남양주시 진접읍 해밀예당2로 21,7652240,http://hwabong-e.goegn.kr,http://hwabong-e.goegn.kr/hwabong-e/ad/fm/foodmenu/selectFoodMenuView.do?mi=8676,1
256,화접초등학교,초등학교,경기도 남양주시 별내중앙로 148,7652149,https://hwajeop-e.goegn.kr/hwajeop-e/main.do,https://hwajeop-e.goegn.kr/hwajeop-e/ad/fm/foodmenu/selectFoodMenuView.do?mi=6923,1
257,화정중학교,중학교,경기도 고양시 덕양구 화신로 343,7621039,https://hwajung-m.goegy.kr/,https://hwajung-m.goegy.kr/hwajung-m/ad/fm/foodmenu/selectFoodMenuView.do?mi=3050,1
258,화홍초등학교,초등학교,경기도 수원시 팔달구 수성로258번길 70,7541126,https://hwahong-e.goesw.kr,https://hwahong-e.goesw.kr/hwahong-e/ad/fm/foodmenu/selectFoodMenuView.do?mi=13477,1
259,효천초등학교,초등학교,경기도 수원시 장안구 천천로21번길 11,7541131,https://hyochun-e.goesw.kr,https://hyochun-e.goesw.kr/hyochun-e/ad/fm/foodmenu/selectFoodMenuView.do?mi=11480,1
260,흥도초등학교,초등학교,경기도 고양시 덕양구 도래울1로 83,7621103,https://heung-do-e.goegy.kr,https://heung-do-e.goegy.kr/heung-do-e/ad/fm/foodmenu/selectFoodMenuView.do?mi=19666,1
